"","edf","Ref.df","F","p-value"
"s(TenYear)",1.28777285234686,4,1.23478007077412,0.0230108812251669
"s(mgmt_delay_fn1)",2.67232006683385e-10,4,2.28921655283695e-11,0.684069662035102
