"","edf","Ref.df","F","p-value"
"s(TenYear)",1.33878934796095,3,1.71785447977857,0.0223810781788139
"s(mgmt_delay_fn1)",5.46306438986172e-10,4,3.94293564743621e-12,0.981343052902022
