"","edf","Ref.df","F","p-value"
"s(combined5$TenYear)",1.87237990642889,2.31836684268385,1.93088324220937,0.156331697219953
