"","edf","Ref.df","F","p-value"
"s(combined5$TenYear)",1.52881830476069,1.88260424904747,1.01204243279543,0.442816208284469
