"","edf","Ref.df","F","p-value"
"s(mgmt_delay_fn1)",1.87233733771261e-09,4,6.15154560831035e-11,0.873250805714214
"s(TenYear)",0.775312722384339,4,0.862657561468325,0.0362259354468336
